<?xml version="1.0" encoding="UTF-8"?>
<con:soapui-project id="8a4619cd-0681-4236-9a7c-9c9db43112d8" activeEnvironment="Default" name="ToDo List" soapui-version="5.7.0" abortOnError="false" runType="SEQUENTIAL" resourceRoot="${projectDir}" xmlns:con="http://eviware.com/soapui/config"><con:settings/><con:interface xsi:type="con:RestService" id="69558461-0f82-4ebe-a06f-cc8033cbb8d1" wadlVersion="http://wadl.dev.java.net/2009/02" name="http://127.0.0.1:8080" type="rest" xmlns:xsi="http://www.w3.org/2001/XMLSchema-instance"><con:settings/><con:definitionCache type="TEXT" rootPart=""/><con:endpoints><con:endpoint>http://127.0.0.1:8080</con:endpoint></con:endpoints><con:resource name="api" path="/api" id="4d26e987-5eff-4d2a-9c8a-39770dcd890a"><con:settings/><con:parameters/><con:resource name="todos" path="todos" id="eed49037-478f-455b-b7d0-5897270aaaf3"><con:settings/><con:parameters/><con:method name="POST - Create ToDo" id="e22f9465-35c3-46f4-b62e-3e338de0801b" method="POST"><con:settings/><con:parameters/><con:representation type="FAULT"><con:mediaType xsi:nil="true"/><con:status>400</con:status><con:params/><con:element>data</con:element></con:representation><con:representation type="REQUEST"><con:mediaType>application/json</con:mediaType><con:params/></con:representation><con:representation type="RESPONSE"><con:mediaType xsi:nil="true"/><con:status>0</con:status><con:params/><con:element>data</con:element></con:representation><con:representation type="FAULT"><con:mediaType xsi:nil="true"/><con:status>400</con:status><con:params/><con:element>data</con:element></con:representation><con:representation type="RESPONSE"><con:mediaType xsi:nil="true"/><con:status>201</con:status><con:params/><con:element>data</con:element></con:representation><con:representation type="FAULT"><con:mediaType xsi:nil="true"/><con:status>400</con:status><con:params/><con:element>data</con:element></con:representation><con:representation type="RESPONSE"><con:mediaType xsi:nil="true"/><con:status>201</con:status><con:params/><con:element>data</con:element></con:representation><con:representation type="RESPONSE"><con:mediaType xsi:nil="true"/><con:status>201</con:status><con:params/><con:element>data</con:element></con:representation><con:representation type="RESPONSE"><con:mediaType xsi:nil="true"/><con:status>201</con:status><con:params/><con:element>data</con:element></con:representation><con:representation type="RESPONSE"><con:mediaType xsi:nil="true"/><con:status>201</con:status><con:params/><con:element>data</con:element></con:representation><con:representation type="RESPONSE"><con:mediaType xsi:nil="true"/><con:status>0</con:status><con:params/><con:element>data</con:element></con:representation><con:representation type="RESPONSE"><con:mediaType xsi:nil="true"/><con:status>201</con:status><con:params/><con:element>data</con:element></con:representation><con:representation type="RESPONSE"><con:mediaType xsi:nil="true"/><con:status>201</con:status><con:params/><con:element>data</con:element></con:representation><con:representation type="RESPONSE"><con:mediaType xsi:nil="true"/><con:status>201</con:status><con:params/><con:element>data</con:element></con:representation><con:representation type="RESPONSE"><con:mediaType xsi:nil="true"/><con:status>201</con:status><con:params/><con:element>data</con:element></con:representation><con:representation type="RESPONSE"><con:mediaType xsi:nil="true"/><con:status>201</con:status><con:params/><con:element>data</con:element></con:representation><con:representation type="RESPONSE"><con:mediaType xsi:nil="true"/><con:status>201</con:status><con:params/><con:element>data</con:element></con:representation><con:representation type="RESPONSE"><con:mediaType xsi:nil="true"/><con:status>201</con:status><con:params/><con:element>data</con:element></con:representation><con:representation type="RESPONSE"><con:mediaType xsi:nil="true"/><con:status>201</con:status><con:params/><con:element>data</con:element></con:representation><con:representation type="RESPONSE"><con:mediaType xsi:nil="true"/><con:status>201</con:status><con:params/><con:element>data</con:element></con:representation><con:representation type="RESPONSE"><con:mediaType xsi:nil="true"/><con:status>201</con:status><con:params/><con:element>data</con:element></con:representation><con:representation type="RESPONSE"><con:mediaType xsi:nil="true"/><con:status>201</con:status><con:params/><con:element>data</con:element></con:representation><con:representation type="RESPONSE"><con:mediaType xsi:nil="true"/><con:status>201</con:status><con:params/><con:element>data</con:element></con:representation><con:representation type="RESPONSE"><con:mediaType xsi:nil="true"/><con:status>201</con:status><con:params/><con:element>data</con:element></con:representation><con:representation type="RESPONSE"><con:mediaType xsi:nil="true"/><con:status>201</con:status><con:params/><con:element>data</con:element></con:representation><con:representation type="RESPONSE"><con:mediaType xsi:nil="true"/><con:status>201</con:status><con:params/><con:element>data</con:element></con:representation><con:representation type="RESPONSE"><con:mediaType xsi:nil="true"/><con:status>201</con:status><con:params/><con:element>data</con:element></con:representation><con:representation type="RESPONSE"><con:mediaType xsi:nil="true"/><con:status>201</con:status><con:params/><con:element>data</con:element></con:representation><con:representation type="RESPONSE"><con:mediaType xsi:nil="true"/><con:status>201</con:status><con:params/><con:element>data</con:element></con:representation><con:representation type="RESPONSE"><con:mediaType xsi:nil="true"/><con:status>201</con:status><con:params/><con:element>data</con:element></con:representation><con:representation type="RESPONSE"><con:mediaType xsi:nil="true"/><con:status>201</con:status><con:params/><con:element>data</con:element></con:representation><con:representation type="RESPONSE"><con:mediaType xsi:nil="true"/><con:status>201</con:status><con:params/><con:element>data</con:element></con:representation><con:representation type="RESPONSE"><con:mediaType xsi:nil="true"/><con:status>201</con:status><con:params/><con:element>data</con:element></con:representation><con:representation type="RESPONSE"><con:mediaType xsi:nil="true"/><con:status>201</con:status><con:params/><con:element>data</con:element></con:representation><con:representation type="RESPONSE"><con:mediaType xsi:nil="true"/><con:status>201</con:status><con:params/><con:element>data</con:element></con:representation><con:representation type="RESPONSE"><con:mediaType xsi:nil="true"/><con:status>201</con:status><con:params/><con:element>data</con:element></con:representation><con:representation type="RESPONSE"><con:mediaType xsi:nil="true"/><con:status>201</con:status><con:params/><con:element>data</con:element></con:representation><con:representation type="RESPONSE"><con:mediaType xsi:nil="true"/><con:status>201</con:status><con:params/><con:element>data</con:element></con:representation><con:representation type="RESPONSE"><con:mediaType xsi:nil="true"/><con:status>0</con:status><con:params/><con:element>data</con:element></con:representation><con:representation type="RESPONSE"><con:mediaType xsi:nil="true"/><con:status>201</con:status><con:params/><con:element>data</con:element></con:representation><con:representation type="RESPONSE"><con:mediaType xsi:nil="true"/><con:status>201</con:status><con:params/><con:element>data</con:element></con:representation><con:representation type="RESPONSE"><con:mediaType xsi:nil="true"/><con:status>201</con:status><con:params/><con:element>data</con:element></con:representation><con:representation type="RESPONSE"><con:mediaType xsi:nil="true"/><con:status>201</con:status><con:params/><con:element>data</con:element></con:representation><con:representation type="RESPONSE"><con:mediaType xsi:nil="true"/><con:status>201</con:status><con:params/><con:element>data</con:element></con:representation><con:representation type="RESPONSE"><con:mediaType xsi:nil="true"/><con:status>201</con:status><con:params/><con:element>data</con:element></con:representation><con:representation type="RESPONSE"><con:mediaType xsi:nil="true"/><con:status>201</con:status><con:params/><con:element>data</con:element></con:representation><con:representation type="RESPONSE"><con:mediaType xsi:nil="true"/><con:status>201</con:status><con:params/><con:element>data</con:element></con:representation><con:representation type="RESPONSE"><con:mediaType xsi:nil="true"/><con:status>201</con:status><con:params/><con:element>data</con:element></con:representation><con:representation type="RESPONSE"><con:mediaType xsi:nil="true"/><con:status>201</con:status><con:params/><con:element>data</con:element></con:representation><con:representation type="RESPONSE"><con:mediaType xsi:nil="true"/><con:status>201</con:status><con:params/><con:element>data</con:element></con:representation><con:representation type="RESPONSE"><con:mediaType xsi:nil="true"/><con:status>201</con:status><con:params/><con:element>data</con:element></con:representation><con:representation type="RESPONSE"><con:mediaType xsi:nil="true"/><con:status>201</con:status><con:params/><con:element>data</con:element></con:representation><con:representation type="RESPONSE"><con:mediaType xsi:nil="true"/><con:status>201</con:status><con:params/><con:element>data</con:element></con:representation><con:representation type="RESPONSE"><con:mediaType xsi:nil="true"/><con:status>201</con:status><con:params/><con:element>data</con:element></con:representation><con:representation type="RESPONSE"><con:mediaType xsi:nil="true"/><con:status>201</con:status><con:params/><con:element>data</con:element></con:representation><con:representation type="RESPONSE"><con:mediaType xsi:nil="true"/><con:status>201</con:status><con:params/><con:element>data</con:element></con:representation><con:representation type="RESPONSE"><con:mediaType xsi:nil="true"/><con:status>201</con:status><con:params/><con:element>data</con:element></con:representation><con:representation type="RESPONSE"><con:mediaType xsi:nil="true"/><con:status>201</con:status><con:params/><con:element>data</con:element></con:representation><con:representation type="RESPONSE"><con:mediaType xsi:nil="true"/><con:status>201</con:status><con:params/><con:element>data</con:element></con:representation><con:representation type="RESPONSE"><con:mediaType xsi:nil="true"/><con:status>201</con:status><con:params/><con:element>data</con:element></con:representation><con:representation type="RESPONSE"><con:mediaType xsi:nil="true"/><con:status>201</con:status><con:params/><con:element>data</con:element></con:representation><con:representation type="RESPONSE"><con:mediaType xsi:nil="true"/><con:status>201</con:status><con:params/><con:element>data</con:element></con:representation><con:representation type="RESPONSE"><con:mediaType xsi:nil="true"/><con:status>201</con:status><con:params/><con:element>data</con:element></con:representation><con:representation type="RESPONSE"><con:mediaType xsi:nil="true"/><con:status>201</con:status><con:params/><con:element>data</con:element></con:representation><con:representation type="FAULT"><con:mediaType xsi:nil="true"/><con:status>400</con:status><con:params/><con:element>data</con:element></con:representation><con:representation type="RESPONSE"><con:mediaType xsi:nil="true"/><con:status>201</con:status><con:params/><con:element>data</con:element></con:representation><con:representation type="RESPONSE"><con:mediaType xsi:nil="true"/><con:status>201</con:status><con:params/><con:element>data</con:element></con:representation><con:representation type="RESPONSE"><con:mediaType xsi:nil="true"/><con:status>201</con:status><con:params/><con:element>data</con:element></con:representation><con:representation type="RESPONSE"><con:mediaType xsi:nil="true"/><con:status>201</con:status><con:params/><con:element>data</con:element></con:representation><con:representation type="RESPONSE"><con:mediaType xsi:nil="true"/><con:status>201</con:status><con:params/><con:element>data</con:element></con:representation><con:representation type="RESPONSE"><con:mediaType xsi:nil="true"/><con:status>201</con:status><con:params/><con:element>data</con:element></con:representation><con:request name="Request 1" id="7adfe7e8-ad7c-4c24-aa1b-d84b0bd35d9d" mediaType="application/json" postQueryString="false"><con:settings><con:setting id="com.eviware.soapui.impl.wsdl.WsdlRequest@request-headers">&lt;xml-fragment/></con:setting></con:settings><con:endpoint>http://127.0.0.1:8080</con:endpoint><con:request>{
	"todo": "${=java.util.UUID.randomUUID()}"
}</con:request><con:originalUri>http://127.0.0.1/api/todos</con:originalUri><con:credentials><con:authType>No Authorization</con:authType></con:credentials><con:jmsConfig JMSDeliveryMode="PERSISTENT"/><con:jmsPropertyConfig/><con:parameters/></con:request></con:method><con:method name="GET  Get ToDo" id="cf3f83cd-014b-4ca6-bf26-37d5c6c6f3cd" method="GET"><con:settings/><con:parameters/><con:representation type="RESPONSE"><con:mediaType xsi:nil="true"/><con:status>200</con:status><con:params/><con:element>data</con:element></con:representation><con:representation type="RESPONSE"><con:mediaType xsi:nil="true"/><con:status>0</con:status><con:params/><con:element>data</con:element></con:representation><con:representation type="RESPONSE"><con:mediaType xsi:nil="true"/><con:status>0</con:status><con:params/><con:element>data</con:element></con:representation><con:representation type="RESPONSE"><con:mediaType xsi:nil="true"/><con:status>0</con:status><con:params/><con:element>data</con:element></con:representation><con:representation type="RESPONSE"><con:mediaType xsi:nil="true"/><con:status>0</con:status><con:params/><con:element>data</con:element></con:representation><con:representation type="RESPONSE"><con:mediaType xsi:nil="true"/><con:status>200</con:status><con:params/><con:element>data</con:element></con:representation><con:representation type="RESPONSE"><con:mediaType xsi:nil="true"/><con:status>200</con:status><con:params/><con:element>data</con:element></con:representation><con:representation type="RESPONSE"><con:mediaType xsi:nil="true"/><con:status>200</con:status><con:params/><con:element>data</con:element></con:representation><con:representation type="RESPONSE"><con:mediaType xsi:nil="true"/><con:status>200</con:status><con:params/><con:element>data</con:element></con:representation><con:representation type="RESPONSE"><con:mediaType xsi:nil="true"/><con:status>200</con:status><con:params/><con:element>data</con:element></con:representation><con:representation type="RESPONSE"><con:mediaType xsi:nil="true"/><con:status>200</con:status><con:params/><con:element>data</con:element></con:representation><con:representation type="RESPONSE"><con:mediaType xsi:nil="true"/><con:status>200</con:status><con:params/><con:element>data</con:element></con:representation><con:representation type="RESPONSE"><con:mediaType xsi:nil="true"/><con:status>200</con:status><con:params/><con:element>data</con:element></con:representation><con:representation type="RESPONSE"><con:mediaType xsi:nil="true"/><con:status>200</con:status><con:params/><con:element>data</con:element></con:representation><con:representation type="RESPONSE"><con:mediaType xsi:nil="true"/><con:status>200</con:status><con:params/><con:element>data</con:element></con:representation><con:representation type="RESPONSE"><con:mediaType xsi:nil="true"/><con:status>200</con:status><con:params/><con:element>data</con:element></con:representation><con:representation type="RESPONSE"><con:mediaType xsi:nil="true"/><con:status>200</con:status><con:params/><con:element>data</con:element></con:representation><con:representation type="RESPONSE"><con:mediaType xsi:nil="true"/><con:status>200</con:status><con:params/><con:element>data</con:element></con:representation><con:representation type="RESPONSE"><con:mediaType xsi:nil="true"/><con:status>200</con:status><con:params/><con:element>data</con:element></con:representation><con:request name="Request 1" id="bd1e8f3b-109a-4657-9476-06f9df7a0349" mediaType="application/json"><con:settings><con:setting id="com.eviware.soapui.impl.wsdl.WsdlRequest@request-headers">&lt;xml-fragment/></con:setting></con:settings><con:endpoint>http://127.0.0.1:8080</con:endpoint><con:request/><con:originalUri>http://127.0.0.1/api/todos</con:originalUri><con:credentials><con:authType>No Authorization</con:authType></con:credentials><con:jmsConfig JMSDeliveryMode="PERSISTENT"/><con:jmsPropertyConfig/><con:parameters/></con:request></con:method></con:resource></con:resource></con:interface><con:testSuite id="9110702c-7807-4c1d-9f7e-7413cdda0afa" name="Api ToDo TESTs"><con:settings/><con:runType>SEQUENTIAL</con:runType><con:testCase id="02730005-489b-42dd-bdcc-795217d2782b" failOnError="true" failTestCaseOnErrors="true" keepSession="false" maxResults="0" name="Positive Test's" searchProperties="true"><con:settings/><con:testStep type="properties" name="Prop" id="5e6123cc-7f01-4cee-b888-032bd63a62e8"><con:settings/><con:config xsi:type="con:PropertiesStep" saveFirst="true" xmlns:xsi="http://www.w3.org/2001/XMLSchema-instance"><con:properties><con:property><con:name>ToDoName</con:name><con:value>{"todo":"9b7c0d3f-9a2f-4022-8fe8-ea4085fb8600"}</con:value></con:property><con:property><con:name>RealToDo</con:name><con:value>9b7c0d3f-9a2f-4022-8fe8-ea4085fb8600</con:value></con:property><con:property><con:name>BasicToDo</con:name><con:value>${=java.util.UUID.randomUUID()}</con:value></con:property><con:property><con:name>HardToDo</con:name><con:value>VO_asdf_11_UU_3006</con:value></con:property><con:property><con:name>10Spaces</con:name><con:value>10SPACE          10SPACE</con:value></con:property><con:property><con:name>2Symbols</con:name><con:value>AY</con:value></con:property></con:properties></con:config></con:testStep><con:testStep type="restrequest" name="Create ToDo" id="3c7bd026-1a90-4a82-90db-2c8b93a7de78"><con:settings/><con:config service="http://127.0.0.1:8080" resourcePath="/api/todos" methodName="POST - Create ToDo" xsi:type="con:RestRequestStep" xmlns:xsi="http://www.w3.org/2001/XMLSchema-instance"><con:restRequest name="Create ToDo" id="7adfe7e8-ad7c-4c24-aa1b-d84b0bd35d9d" mediaType="application/json" postQueryString="false"><con:settings><con:setting id="com.eviware.soapui.impl.wsdl.WsdlRequest@request-headers">&lt;xml-fragment/></con:setting></con:settings><con:endpoint>http://127.0.0.1:8080</con:endpoint><con:request>{
	"todo": "${Prop#BasicToDo}"
}
</con:request><con:originalUri>http://127.0.0.1/api/todos</con:originalUri><con:assertion type="Valid HTTP Status Codes" id="5427e967-cad4-45a2-bcd3-8395b0417762" name="Valid HTTP Status Codes"><con:configuration><codes>201</codes></con:configuration></con:assertion><con:assertion type="Simple Contains" id="877ed0ca-7c01-415b-ac76-15f9a4bb21f7" name="Contains &quot;success&quot;:true,&quot;error&quot;:null"><con:configuration><token>"success":true,"error":null</token><ignoreCase>false</ignoreCase><useRegEx>false</useRegEx></con:configuration></con:assertion><con:credentials><con:authType>No Authorization</con:authType></con:credentials><con:jmsConfig JMSDeliveryMode="PERSISTENT"/><con:jmsPropertyConfig/><con:parameters/></con:restRequest></con:config></con:testStep><con:testStep type="restrequest" name="CreateHardToDo" id="51ebc023-7255-4f77-a142-995178fa6896"><con:settings/><con:config service="http://127.0.0.1:8080" resourcePath="/api/todos" methodName="POST - Create ToDo" xsi:type="con:RestRequestStep" xmlns:xsi="http://www.w3.org/2001/XMLSchema-instance"><con:restRequest name="CreateHardToDo" id="7adfe7e8-ad7c-4c24-aa1b-d84b0bd35d9d" mediaType="application/json" postQueryString="false"><con:settings><con:setting id="com.eviware.soapui.impl.wsdl.WsdlRequest@request-headers">&lt;xml-fragment/></con:setting></con:settings><con:endpoint>http://127.0.0.1:8080</con:endpoint><con:request>{
	"todo": "${Prop#HardToDo}"
}</con:request><con:originalUri>http://127.0.0.1/api/todos</con:originalUri><con:assertion type="Valid HTTP Status Codes" id="01cc1462-2473-43b9-9ff1-5f94fe207e00" name="Valid HTTP Status Codes"><con:configuration><codes>201</codes></con:configuration></con:assertion><con:assertion type="Simple Contains" id="25e4ecea-410b-46ad-a40e-84b0bf639402" name="Contains &quot;success&quot;:true,&quot;error&quot;:null,&quot;data&quot;"><con:configuration><token>"success":true,"error":null</token><ignoreCase>false</ignoreCase><useRegEx>false</useRegEx></con:configuration></con:assertion><con:assertion type="Simple Contains" id="612bd526-12e8-490c-99da-a385d876a41a" name="Contains HardToDo"><con:configuration><token>todo":"VO_asdf_11_UU_3006"</token><ignoreCase>false</ignoreCase><useRegEx>false</useRegEx></con:configuration></con:assertion><con:credentials><con:authType>No Authorization</con:authType></con:credentials><con:jmsConfig JMSDeliveryMode="PERSISTENT"/><con:jmsPropertyConfig/><con:parameters/></con:restRequest></con:config></con:testStep><con:testStep type="transfer" name="Property Transfer" id="c8c20ff4-cfcb-4b46-b8df-d543d0ae609a"><con:settings/><con:config xsi:type="con:PropertyTransfersStep" xmlns:xsi="http://www.w3.org/2001/XMLSchema-instance"><con:transfers setNullOnMissingSource="true" transferTextContent="true" failOnError="true" ignoreEmpty="false" transferToAll="false" entitize="false" transferChildNodes="false"><con:name>test_todo</con:name><con:sourceType>Response</con:sourceType><con:sourceStep>Create ToDo</con:sourceStep><con:sourcePath>data</con:sourcePath><con:targetType>ToDoName</con:targetType><con:targetStep>Prop</con:targetStep><con:type>JSONPATH</con:type><con:targetTransferType>JSONPATH</con:targetTransferType><con:upgraded>true</con:upgraded></con:transfers><con:transfers setNullOnMissingSource="true" transferTextContent="true" failOnError="true" ignoreEmpty="false" transferToAll="false" entitize="false" transferChildNodes="false"><con:name>real_todo</con:name><con:sourceType>ToDoName</con:sourceType><con:sourceStep>Prop</con:sourceStep><con:sourcePath>todo</con:sourcePath><con:targetType>RealToDo</con:targetType><con:targetStep>Prop</con:targetStep><con:type>JSONPATH</con:type><con:targetTransferType>JSONPATH</con:targetTransferType><con:upgraded>true</con:upgraded></con:transfers></con:config></con:testStep><con:testStep type="restrequest" name="Get ToDo" id="f83f4bfa-3ecc-403a-898b-2dd9e397393c"><con:settings/><con:config service="http://127.0.0.1:8080" resourcePath="/api/todos" methodName="GET  Get ToDo" xsi:type="con:RestRequestStep" xmlns:xsi="http://www.w3.org/2001/XMLSchema-instance"><con:restRequest name="Get ToDo" id="bd1e8f3b-109a-4657-9476-06f9df7a0349" mediaType="application/json"><con:settings><con:setting id="com.eviware.soapui.impl.wsdl.WsdlRequest@request-headers">&lt;xml-fragment/></con:setting></con:settings><con:endpoint>http://127.0.0.1:8080</con:endpoint><con:request/><con:originalUri>http://127.0.0.1/api/todos</con:originalUri><con:assertion type="Valid HTTP Status Codes" id="fa11b56f-db74-4685-8a97-398882ca1180" name="Valid HTTP Status Codes"><con:configuration><codes>200</codes></con:configuration></con:assertion><con:assertion type="GroovyScriptAssertion" id="18ee59df-7463-4bd9-98b1-0e1c062143f2" name="Script Assertion"><con:configuration><scriptText>response = messageExchange.getResponseContent()
responseJson = new groovy.json.JsonSlurper().parseText(response)
//log.info responseJson.data[0].todo

realtodo = context.getTestCase().getTestStepByName("Prop").getPropertyValue("RealToDo")
hardtodo = context.getTestCase().getTestStepByName("Prop").getPropertyValue("HardToDo")
log.info "realtodo": realtodo
log.info "hardodo": hardtodo

isFind1 = false

for (i = 0; i &lt; responseJson.data.todo.size(); i = i + 1)
{
	if (responseJson.data[i].todo == realtodo )
{isFind1 = true }
}
isFind2 = false

for (i = 0; i &lt; responseJson.data.todo.size(); i = i + 1)
{
	if (responseJson.data[i].todo == hardtodo )
{isFind2 = true }
}


log.info  isFind1
log.info  isFind2

assert isFind1 == true &amp;&amp; isFind2 == true</scriptText></con:configuration></con:assertion><con:credentials><con:authType>No Authorization</con:authType></con:credentials><con:jmsConfig JMSDeliveryMode="PERSISTENT"/><con:jmsPropertyConfig/><con:parameters/></con:restRequest></con:config></con:testStep><con:testStep type="restrequest" name="ServiceSymbolsPost" id="66867c0c-04e8-4987-b539-7b93cfd6dfd7"><con:settings/><con:config service="http://127.0.0.1:8080" resourcePath="/api/todos" methodName="POST - Create ToDo" xsi:type="con:RestRequestStep" xmlns:xsi="http://www.w3.org/2001/XMLSchema-instance"><con:restRequest name="ServiceSymbolsPost" id="7adfe7e8-ad7c-4c24-aa1b-d84b0bd35d9d" mediaType="application/json" postQueryString="false"><con:settings><con:setting id="com.eviware.soapui.impl.wsdl.WsdlRequest@request-headers">&lt;xml-fragment/></con:setting></con:settings><con:endpoint>http://127.0.0.1:8080</con:endpoint><con:request>{
	"todo": " &lt;test> "
}</con:request><con:originalUri>http://127.0.0.1/api/todos</con:originalUri><con:assertion type="Simple Contains" id="003e4a53-3abd-439b-bcac-9a0a44b63672" name="Contains"><con:configuration><token>"success":false,"error":invalid character</token><ignoreCase>false</ignoreCase><useRegEx>false</useRegEx></con:configuration></con:assertion><con:assertion type="Valid HTTP Status Codes" id="fdf4b779-056e-4b0d-bc94-39f2353b8ab0" name="Valid HTTP Status Codes"><con:configuration><codes>400</codes></con:configuration></con:assertion><con:credentials><con:authType>No Authorization</con:authType></con:credentials><con:jmsConfig JMSDeliveryMode="PERSISTENT"/><con:jmsPropertyConfig/><con:parameters/></con:restRequest></con:config></con:testStep><con:testStep type="restrequest" name="Trimming_Spaces" id="8589d5d0-c40c-499f-86be-ba63ccf05c89"><con:settings/><con:config service="http://127.0.0.1:8080" resourcePath="/api/todos" methodName="POST - Create ToDo" xsi:type="con:RestRequestStep" xmlns:xsi="http://www.w3.org/2001/XMLSchema-instance"><con:restRequest name="Trimming_Spaces" id="7adfe7e8-ad7c-4c24-aa1b-d84b0bd35d9d" mediaType="application/json" postQueryString="false"><con:settings><con:setting id="com.eviware.soapui.impl.wsdl.WsdlRequest@request-headers">&lt;xml-fragment/></con:setting></con:settings><con:endpoint>http://127.0.0.1:8080</con:endpoint><con:request>{
	"todo": "${Prop#10Spaces}"
}</con:request><con:originalUri>http://127.0.0.1/api/todos</con:originalUri><con:assertion type="Valid HTTP Status Codes" id="1272f2c6-e295-4718-88ac-9b502f378ea0" name="Valid HTTP Status Codes"><con:configuration><codes>201</codes></con:configuration></con:assertion><con:assertion type="Simple Contains" id="b151f406-a6cf-4ad7-b0a5-bf214b882757" name="Contains"><con:configuration><token>10SPACE 10SPACE</token><ignoreCase>false</ignoreCase><useRegEx>false</useRegEx></con:configuration></con:assertion><con:credentials><con:authType>No Authorization</con:authType></con:credentials><con:jmsConfig JMSDeliveryMode="PERSISTENT"/><con:jmsPropertyConfig/><con:parameters/></con:restRequest></con:config></con:testStep><con:testStep type="restrequest" name="MinimumSymbols" id="195f3d8b-856f-40a7-aa7e-175afa377ec2"><con:settings/><con:config service="http://127.0.0.1:8080" resourcePath="/api/todos" methodName="POST - Create ToDo" xsi:type="con:RestRequestStep" xmlns:xsi="http://www.w3.org/2001/XMLSchema-instance"><con:restRequest name="MinimumSymbols" id="7adfe7e8-ad7c-4c24-aa1b-d84b0bd35d9d" mediaType="application/json" postQueryString="false"><con:settings><con:setting id="com.eviware.soapui.impl.wsdl.WsdlRequest@request-headers">&lt;xml-fragment/></con:setting></con:settings><con:endpoint>http://127.0.0.1:8080</con:endpoint><con:request>{
	"todo": "${Prop#2Symbols}"
}</con:request><con:originalUri>http://127.0.0.1/api/todos</con:originalUri><con:assertion type="Valid HTTP Status Codes" id="1b1e4298-91c8-4cfd-bcaa-79ef82b0e053" name="Valid HTTP Status Codes"><con:configuration><codes>400</codes></con:configuration></con:assertion><con:assertion type="Simple Contains" id="7841403b-cb7a-43b6-9af1-db361bc73b3b" name="Contains"><con:configuration><token>"success":false,"error":minimum value of characters is 3</token><ignoreCase>false</ignoreCase><useRegEx>false</useRegEx></con:configuration></con:assertion><con:credentials><con:authType>No Authorization</con:authType></con:credentials><con:jmsConfig JMSDeliveryMode="PERSISTENT"/><con:jmsPropertyConfig/><con:parameters/></con:restRequest></con:config></con:testStep><con:testStep type="restrequest" name="MaximumSymbols" id="84273841-2a16-4013-8693-c4d8e837f690"><con:settings/><con:config service="http://127.0.0.1:8080" resourcePath="/api/todos" methodName="POST - Create ToDo" xsi:type="con:RestRequestStep" xmlns:xsi="http://www.w3.org/2001/XMLSchema-instance"><con:restRequest name="MaximumSymbols" id="7adfe7e8-ad7c-4c24-aa1b-d84b0bd35d9d" mediaType="application/json" postQueryString="false"><con:settings><con:setting id="com.eviware.soapui.impl.wsdl.WsdlRequest@request-headers">&lt;xml-fragment/></con:setting></con:settings><con:endpoint>http://127.0.0.1:8080</con:endpoint><con:request>{
	"todo": "${=java.util.UUID.randomUUID()}${=java.util.UUID.randomUUID()}${=java.util.UUID.randomUUID()}${=java.util.UUID.randomUUID()}"
}</con:request><con:originalUri>http://127.0.0.1/api/todos</con:originalUri><con:assertion type="Valid HTTP Status Codes" id="a606b0b7-3fa0-492a-864e-748c8effdca7" name="Valid HTTP Status Codes"><con:configuration><codes>400</codes></con:configuration></con:assertion><con:assertion type="Simple Contains" id="fae01ab3-c5da-41e0-a9ac-bdc4b1f1137d" name="Contains"><con:configuration><token>"success":false,"error":max value of characters is 100</token><ignoreCase>false</ignoreCase><useRegEx>false</useRegEx></con:configuration></con:assertion><con:credentials><con:authType>No Authorization</con:authType></con:credentials><con:jmsConfig JMSDeliveryMode="PERSISTENT"/><con:jmsPropertyConfig/><con:parameters/></con:restRequest></con:config></con:testStep><con:testStep type="restrequest" name="AlreadyExistsHardToDo" id="dbc5e49c-fde2-4498-b894-b98351ad981d"><con:settings/><con:config service="http://127.0.0.1:8080" resourcePath="/api/todos" methodName="POST - Create ToDo" xsi:type="con:RestRequestStep" xmlns:xsi="http://www.w3.org/2001/XMLSchema-instance"><con:restRequest name="AlreadyExistsHardToDo" id="7adfe7e8-ad7c-4c24-aa1b-d84b0bd35d9d" mediaType="application/json" postQueryString="false"><con:settings><con:setting id="com.eviware.soapui.impl.wsdl.WsdlRequest@request-headers">&lt;xml-fragment/></con:setting></con:settings><con:endpoint>http://127.0.0.1:8080</con:endpoint><con:request>{
	"todo": "${Prop#HardToDo}"
}</con:request><con:originalUri>http://127.0.0.1/api/todos</con:originalUri><con:assertion type="Valid HTTP Status Codes" id="01cc1462-2473-43b9-9ff1-5f94fe207e00" name="Valid HTTP Status Codes"><con:configuration><codes>400</codes></con:configuration></con:assertion><con:assertion type="Simple Contains" id="6255e73e-9c54-4e74-9f0a-d2fbc4b80f66" name="Contains"><con:configuration><token>"success":false,"error":ToDo with some name already exists</token><ignoreCase>false</ignoreCase><useRegEx>false</useRegEx></con:configuration></con:assertion><con:credentials><con:authType>No Authorization</con:authType></con:credentials><con:jmsConfig JMSDeliveryMode="PERSISTENT"/><con:jmsPropertyConfig/><con:parameters/></con:restRequest></con:config></con:testStep><con:properties/></con:testCase><con:properties/></con:testSuite><con:properties/><con:wssContainer/><con:oAuth2ProfileContainer/><con:oAuth1ProfileContainer/></con:soapui-project>