<?xml version="1.0" encoding="UTF-8"?>
<con:soapui-project id="37519a27-d023-4f5c-bba6-74aedd4adfb3" activeEnvironment="Default" name="REST Studens API Learn" resourceRoot="${projectDir}" soapui-version="5.7.0" abortOnError="false" runType="SEQUENTIAL" xmlns:con="http://eviware.com/soapui/config"><con:settings/><con:interface xsi:type="con:RestService" id="099f85c4-f645-4b8d-95a4-a877f213e37b" wadlVersion="http://wadl.dev.java.net/2009/02" name="http://151.80.70.42:3000" type="rest" xmlns:xsi="http://www.w3.org/2001/XMLSchema-instance"><con:settings/><con:definitionCache type="TEXT" rootPart=""/><con:endpoints><con:endpoint>http://151.80.70.42:3000</con:endpoint></con:endpoints><con:resource name="" path="/api/" id="70c34476-02ea-4713-9ce0-3a96507d201d"><con:settings/><con:parameters/><con:resource name="" path="users" id="c4bf0871-def4-4e36-b33d-fdd7c77f6ab5"><con:settings/><con:parameters><con:parameter required="false"><con:name>USERID</con:name><con:value/><con:style>TEMPLATE</con:style><con:default/><con:description xsi:nil="true"/></con:parameter></con:parameters><con:method name="CreatUser" id="3318a009-85ca-4f96-97bb-d2848c9d12ae" method="POST"><con:settings/><con:parameters/><con:representation type="REQUEST"><con:mediaType>application/json</con:mediaType><con:params/></con:representation><con:representation type="RESPONSE"><con:mediaType>application/json; charset=utf-8</con:mediaType><con:status>200</con:status><con:params/><con:element xmlns:user="http://151.80.70.42/api/users">user:Response</con:element></con:representation><con:representation type="RESPONSE"><con:mediaType xsi:nil="true"/><con:status>204</con:status><con:params/><con:element>data</con:element></con:representation><con:representation type="RESPONSE"><con:mediaType xsi:nil="true"/><con:status>204</con:status><con:params/><con:element>data</con:element></con:representation><con:request name="Request 1" id="fdac4f43-beed-4d8a-b23b-769b2ecdd6ef" mediaType="application/json" postQueryString="false"><con:settings><con:setting id="com.eviware.soapui.impl.wsdl.WsdlRequest@request-headers">&lt;xml-fragment/></con:setting></con:settings><con:endpoint>http://151.80.70.42:3000</con:endpoint><con:request>{
    "name": "${=java.util.UUID.randomUUID()}",
    "phone": "${=System.currentTimeMillis()}",
    "role": "Student"
}

</con:request><con:originalUri>http://151.80.70.42/api/users</con:originalUri><con:credentials><con:authType>No Authorization</con:authType></con:credentials><con:jmsConfig JMSDeliveryMode="PERSISTENT"/><con:jmsPropertyConfig/><con:parameters/><con:parameterOrder><con:entry>USERID</con:entry></con:parameterOrder></con:request></con:method><con:method name="GetUsers" id="c985ff0c-751d-41d7-838b-182118973675" method="GET"><con:settings/><con:parameters/><con:representation type="RESPONSE"><con:mediaType>application/json; charset=utf-8</con:mediaType><con:status>200</con:status><con:params/><con:element>Response</con:element></con:representation><con:request name="Request 1" id="db9a466b-7bd9-485b-ab52-ace5eba1bba1" mediaType="application/json"><con:settings><con:setting id="com.eviware.soapui.impl.wsdl.WsdlRequest@request-headers">&lt;xml-fragment/></con:setting></con:settings><con:endpoint>http://151.80.70.42:3000</con:endpoint><con:request/><con:originalUri>http://151.80.70.42/api/users</con:originalUri><con:credentials><con:authType>No Authorization</con:authType></con:credentials><con:jmsConfig JMSDeliveryMode="PERSISTENT"/><con:jmsPropertyConfig/><con:parameters/><con:parameterOrder><con:entry>USERID</con:entry></con:parameterOrder></con:request></con:method><con:method name="DeleteUser" id="0a4d1a94-7912-44c9-a43c-fe7cb57b6fd3" method="DELETE"><con:settings/><con:parameters/><con:representation type="RESPONSE"><con:mediaType xsi:nil="true"/><con:status>204</con:status><con:params/><con:element>data</con:element></con:representation><con:representation type="REQUEST"><con:mediaType>application/json</con:mediaType><con:params/></con:representation><con:representation type="RESPONSE"><con:mediaType xsi:nil="true"/><con:status>204</con:status><con:params/><con:element>data</con:element></con:representation><con:representation type="RESPONSE"><con:mediaType xsi:nil="true"/><con:status>204</con:status><con:params/><con:element>data</con:element></con:representation><con:representation type="RESPONSE"><con:mediaType xsi:nil="true"/><con:status>204</con:status><con:params/><con:element>data</con:element></con:representation><con:representation type="RESPONSE"><con:mediaType xsi:nil="true"/><con:status>204</con:status><con:params/><con:element>data</con:element></con:representation><con:representation type="RESPONSE"><con:mediaType xsi:nil="true"/><con:status>204</con:status><con:params/><con:element>data</con:element></con:representation><con:representation type="RESPONSE"><con:mediaType xsi:nil="true"/><con:status>204</con:status><con:params/><con:element>data</con:element></con:representation><con:representation type="RESPONSE"><con:mediaType xsi:nil="true"/><con:status>204</con:status><con:params/><con:element>data</con:element></con:representation><con:representation type="RESPONSE"><con:mediaType xsi:nil="true"/><con:status>204</con:status><con:params/><con:element>data</con:element></con:representation><con:representation type="RESPONSE"><con:mediaType xsi:nil="true"/><con:status>204</con:status><con:params/><con:element>data</con:element></con:representation><con:representation type="RESPONSE"><con:mediaType xsi:nil="true"/><con:status>204</con:status><con:params/><con:element>data</con:element></con:representation><con:representation type="REQUEST"><con:mediaType>application/x-www-form-urlencoded</con:mediaType><con:params/></con:representation><con:representation type="RESPONSE"><con:mediaType xsi:nil="true"/><con:status>204</con:status><con:params/><con:element>data</con:element></con:representation><con:representation type="RESPONSE"><con:mediaType xsi:nil="true"/><con:status>204</con:status><con:params/><con:element>data</con:element></con:representation><con:representation type="RESPONSE"><con:mediaType xsi:nil="true"/><con:status>204</con:status><con:params/><con:element>data</con:element></con:representation><con:representation type="RESPONSE"><con:mediaType xsi:nil="true"/><con:status>204</con:status><con:params/><con:element>data</con:element></con:representation><con:representation type="RESPONSE"><con:mediaType xsi:nil="true"/><con:status>204</con:status><con:params/><con:element>data</con:element></con:representation><con:representation type="FAULT"><con:mediaType>application/json</con:mediaType><con:status>404</con:status><con:params/></con:representation><con:representation type="RESPONSE"><con:mediaType xsi:nil="true"/><con:status>204</con:status><con:params/><con:element>data</con:element></con:representation><con:representation type="RESPONSE"><con:mediaType xsi:nil="true"/><con:status>204</con:status><con:params/><con:element>data</con:element></con:representation><con:representation type="RESPONSE"><con:mediaType xsi:nil="true"/><con:status>204</con:status><con:params/><con:element>data</con:element></con:representation><con:representation type="RESPONSE"><con:mediaType xsi:nil="true"/><con:status>204</con:status><con:params/><con:element>data</con:element></con:representation><con:representation type="RESPONSE"><con:mediaType xsi:nil="true"/><con:status>204</con:status><con:params/><con:element>data</con:element></con:representation><con:representation type="RESPONSE"><con:mediaType xsi:nil="true"/><con:status>204</con:status><con:params/><con:element>data</con:element></con:representation><con:representation type="RESPONSE"><con:mediaType xsi:nil="true"/><con:status>204</con:status><con:params/><con:element>data</con:element></con:representation><con:representation type="FAULT"><con:mediaType>text/html; charset=utf-8</con:mediaType><con:status>404 400</con:status><con:params/><con:element>html</con:element></con:representation><con:representation type="RESPONSE"><con:mediaType xsi:nil="true"/><con:status>204</con:status><con:params/><con:element>data</con:element></con:representation><con:representation type="RESPONSE"><con:mediaType xsi:nil="true"/><con:status>204</con:status><con:params/><con:element>data</con:element></con:representation><con:representation type="RESPONSE"><con:mediaType xsi:nil="true"/><con:status>204</con:status><con:params/><con:element>data</con:element></con:representation><con:representation type="RESPONSE"><con:mediaType xsi:nil="true"/><con:status>204</con:status><con:params/><con:element>data</con:element></con:representation><con:representation type="RESPONSE"><con:mediaType xsi:nil="true"/><con:status>204</con:status><con:params/><con:element>data</con:element></con:representation><con:representation type="RESPONSE"><con:mediaType xsi:nil="true"/><con:status>204</con:status><con:params/><con:element>data</con:element></con:representation><con:representation type="RESPONSE"><con:mediaType xsi:nil="true"/><con:status>204</con:status><con:params/><con:element>data</con:element></con:representation><con:representation type="RESPONSE"><con:mediaType xsi:nil="true"/><con:status>204</con:status><con:params/><con:element>data</con:element></con:representation><con:representation type="RESPONSE"><con:mediaType xsi:nil="true"/><con:status>204</con:status><con:params/><con:element>data</con:element></con:representation><con:representation type="RESPONSE"><con:mediaType xsi:nil="true"/><con:status>204</con:status><con:params/><con:element>data</con:element></con:representation><con:representation type="RESPONSE"><con:mediaType xsi:nil="true"/><con:status>204</con:status><con:params/><con:element>data</con:element></con:representation><con:representation type="RESPONSE"><con:mediaType xsi:nil="true"/><con:status>204</con:status><con:params/><con:element>data</con:element></con:representation><con:representation type="RESPONSE"><con:mediaType xsi:nil="true"/><con:status>204</con:status><con:params/><con:element>data</con:element></con:representation><con:representation type="RESPONSE"><con:mediaType xsi:nil="true"/><con:status>204</con:status><con:params/><con:element>data</con:element></con:representation><con:representation type="RESPONSE"><con:mediaType xsi:nil="true"/><con:status>204</con:status><con:params/><con:element>data</con:element></con:representation><con:representation type="RESPONSE"><con:mediaType xsi:nil="true"/><con:status>204</con:status><con:params/><con:element>data</con:element></con:representation><con:representation type="RESPONSE"><con:mediaType xsi:nil="true"/><con:status>204</con:status><con:params/><con:element>data</con:element></con:representation><con:representation type="RESPONSE"><con:mediaType xsi:nil="true"/><con:status>204</con:status><con:params/><con:element>data</con:element></con:representation><con:representation type="RESPONSE"><con:mediaType xsi:nil="true"/><con:status>204</con:status><con:params/><con:element>data</con:element></con:representation><con:representation type="RESPONSE"><con:mediaType xsi:nil="true"/><con:status>204</con:status><con:params/><con:element>data</con:element></con:representation><con:representation type="RESPONSE"><con:mediaType xsi:nil="true"/><con:status>204</con:status><con:params/><con:element>data</con:element></con:representation><con:representation type="RESPONSE"><con:mediaType xsi:nil="true"/><con:status>204</con:status><con:params/><con:element>data</con:element></con:representation><con:representation type="RESPONSE"><con:mediaType xsi:nil="true"/><con:status>204</con:status><con:params/><con:element>data</con:element></con:representation><con:representation type="RESPONSE"><con:mediaType xsi:nil="true"/><con:status>204</con:status><con:params/><con:element>data</con:element></con:representation><con:representation type="RESPONSE"><con:mediaType xsi:nil="true"/><con:status>204</con:status><con:params/><con:element>data</con:element></con:representation><con:representation type="RESPONSE"><con:mediaType xsi:nil="true"/><con:status>204</con:status><con:params/><con:element>data</con:element></con:representation><con:representation type="RESPONSE"><con:mediaType xsi:nil="true"/><con:status>204</con:status><con:params/><con:element>data</con:element></con:representation><con:representation type="RESPONSE"><con:mediaType xsi:nil="true"/><con:status>204</con:status><con:params/><con:element>data</con:element></con:representation><con:representation type="RESPONSE"><con:mediaType xsi:nil="true"/><con:status>204</con:status><con:params/><con:element>data</con:element></con:representation><con:representation type="RESPONSE"><con:mediaType xsi:nil="true"/><con:status>204</con:status><con:params/><con:element>data</con:element></con:representation><con:representation type="RESPONSE"><con:mediaType xsi:nil="true"/><con:status>204</con:status><con:params/><con:element>data</con:element></con:representation><con:representation type="RESPONSE"><con:mediaType xsi:nil="true"/><con:status>204</con:status><con:params/><con:element>data</con:element></con:representation><con:representation type="RESPONSE"><con:mediaType xsi:nil="true"/><con:status>204</con:status><con:params/><con:element>data</con:element></con:representation><con:representation type="RESPONSE"><con:mediaType xsi:nil="true"/><con:status>204</con:status><con:params/><con:element>data</con:element></con:representation><con:representation type="RESPONSE"><con:mediaType xsi:nil="true"/><con:status>204</con:status><con:params/><con:element>data</con:element></con:representation><con:representation type="RESPONSE"><con:mediaType xsi:nil="true"/><con:status>204</con:status><con:params/><con:element>data</con:element></con:representation><con:request name="DeleteUser" id="9af153ee-6b5f-41ff-b14f-8524a2a1f972" mediaType="application/x-www-form-urlencoded" postQueryString="false"><con:settings><con:setting id="com.eviware.soapui.impl.wsdl.WsdlRequest@request-headers">&lt;xml-fragment/></con:setting></con:settings><con:endpoint>http://151.80.70.42:3000</con:endpoint><con:request/><con:originalUri>http://151.80.70.42/api/users/</con:originalUri><con:credentials><con:authType>No Authorization</con:authType></con:credentials><con:jmsConfig JMSDeliveryMode="PERSISTENT"/><con:jmsPropertyConfig/><con:parameters/><con:parameterOrder><con:entry>USERID</con:entry></con:parameterOrder></con:request></con:method><con:method name="GetUsersAfterDelete" id="4076a5a0-b53c-4507-9855-66254118dfe7" method="GET"><con:settings/><con:parameters/><con:representation type="RESPONSE"><con:mediaType>application/json; charset=utf-8</con:mediaType><con:status>200</con:status><con:params/><con:element>Response</con:element></con:representation><con:request name="Request 1" id="cc62b95d-3365-471c-98de-0d67aab92003" mediaType="application/json"><con:settings><con:setting id="com.eviware.soapui.impl.wsdl.WsdlRequest@request-headers">&lt;xml-fragment/></con:setting></con:settings><con:endpoint>http://151.80.70.42:3000</con:endpoint><con:request/><con:originalUri>http://151.80.70.42/api/users/</con:originalUri><con:credentials><con:authType>No Authorization</con:authType></con:credentials><con:jmsConfig JMSDeliveryMode="PERSISTENT"/><con:jmsPropertyConfig/><con:parameters/><con:parameterOrder><con:entry>USERID</con:entry></con:parameterOrder></con:request></con:method><con:method name="EditUserNamePhone" id="a9235e16-860c-4280-88ea-8d54e2b7ff78" method="PUT"><con:settings/><con:parameters/><con:representation type="REQUEST"><con:mediaType>application/json</con:mediaType><con:params/></con:representation><con:representation type="FAULT"><con:mediaType>text/html; charset=utf-8</con:mediaType><con:status>400</con:status><con:params/><con:element>html</con:element></con:representation><con:representation type="RESPONSE"><con:mediaType xsi:nil="true"/><con:status>0</con:status><con:params/><con:element>data</con:element></con:representation><con:representation type="RESPONSE"><con:mediaType xsi:nil="true"/><con:status>0</con:status><con:params/><con:element>data</con:element></con:representation><con:representation type="RESPONSE"><con:mediaType xsi:nil="true"/><con:status>204</con:status><con:params/><con:element>data</con:element></con:representation><con:representation type="RESPONSE"><con:mediaType xsi:nil="true"/><con:status>204</con:status><con:params/><con:element>data</con:element></con:representation><con:representation type="RESPONSE"><con:mediaType xsi:nil="true"/><con:status>0</con:status><con:params/><con:element>data</con:element></con:representation><con:representation type="RESPONSE"><con:mediaType xsi:nil="true"/><con:status>204</con:status><con:params/><con:element>data</con:element></con:representation><con:representation type="RESPONSE"><con:mediaType xsi:nil="true"/><con:status>204</con:status><con:params/><con:element>data</con:element></con:representation><con:representation type="RESPONSE"><con:mediaType xsi:nil="true"/><con:status>204</con:status><con:params/><con:element>data</con:element></con:representation><con:representation type="RESPONSE"><con:mediaType xsi:nil="true"/><con:status>204</con:status><con:params/><con:element>data</con:element></con:representation><con:representation type="RESPONSE"><con:mediaType xsi:nil="true"/><con:status>204</con:status><con:params/><con:element>data</con:element></con:representation><con:representation type="RESPONSE"><con:mediaType xsi:nil="true"/><con:status>0</con:status><con:params/><con:element>data</con:element></con:representation><con:representation type="RESPONSE"><con:mediaType xsi:nil="true"/><con:status>204</con:status><con:params/><con:element>data</con:element></con:representation><con:representation type="RESPONSE"><con:mediaType xsi:nil="true"/><con:status>204</con:status><con:params/><con:element>data</con:element></con:representation><con:representation type="RESPONSE"><con:mediaType xsi:nil="true"/><con:status>204</con:status><con:params/><con:element>data</con:element></con:representation><con:representation type="RESPONSE"><con:mediaType xsi:nil="true"/><con:status>204</con:status><con:params/><con:element>data</con:element></con:representation><con:representation type="RESPONSE"><con:mediaType xsi:nil="true"/><con:status>204</con:status><con:params/><con:element>data</con:element></con:representation><con:representation type="RESPONSE"><con:mediaType>application/json; charset=utf-8</con:mediaType><con:status>200</con:status><con:params/><con:element>Response</con:element></con:representation><con:representation type="RESPONSE"><con:mediaType xsi:nil="true"/><con:status>0</con:status><con:params/><con:element>data</con:element></con:representation><con:representation type="RESPONSE"><con:mediaType xsi:nil="true"/><con:status>0</con:status><con:params/><con:element>data</con:element></con:representation><con:representation type="RESPONSE"><con:mediaType xsi:nil="true"/><con:status>204</con:status><con:params/><con:element>data</con:element></con:representation><con:representation type="RESPONSE"><con:mediaType xsi:nil="true"/><con:status>0</con:status><con:params/><con:element>data</con:element></con:representation><con:representation type="RESPONSE"><con:mediaType xsi:nil="true"/><con:status>204</con:status><con:params/><con:element>data</con:element></con:representation><con:representation type="RESPONSE"><con:mediaType xsi:nil="true"/><con:status>204</con:status><con:params/><con:element>data</con:element></con:representation><con:representation type="RESPONSE"><con:mediaType xsi:nil="true"/><con:status>204</con:status><con:params/><con:element>data</con:element></con:representation><con:representation type="RESPONSE"><con:mediaType xsi:nil="true"/><con:status>204</con:status><con:params/><con:element>data</con:element></con:representation><con:representation type="RESPONSE"><con:mediaType xsi:nil="true"/><con:status>204</con:status><con:params/><con:element>data</con:element></con:representation><con:request name="Request 1" id="517d8d00-c308-4ba2-b844-289e8b93baa1" mediaType="application/json" postQueryString="false"><con:settings><con:setting id="com.eviware.soapui.impl.wsdl.WsdlRequest@request-headers">&lt;xml-fragment/></con:setting></con:settings><con:endpoint>http://151.80.70.42:3000</con:endpoint><con:request>{
	"id": ${TestDataProperties#USERID},
    "name": ${TestDataProperties#HARDNAME},
    "phone": ${TestDataProperties#HARDPHONE},
    "role": "Student"
}
</con:request><con:originalUri>http://151.80.70.42/api/users/</con:originalUri><con:credentials><con:authType>No Authorization</con:authType></con:credentials><con:jmsConfig JMSDeliveryMode="PERSISTENT"/><con:jmsPropertyConfig/><con:parameters/><con:parameterOrder><con:entry>USERID</con:entry></con:parameterOrder></con:request></con:method><con:method name="GetUsersAfterEdit" id="c8243e17-f12d-4700-96d4-357c222f0197" method="GET"><con:settings/><con:parameters/><con:representation type="RESPONSE"><con:mediaType>application/json; charset=utf-8</con:mediaType><con:status>200</con:status><con:params/><con:element>Response</con:element></con:representation><con:request name="Request 1" id="bdeaef9c-0089-42df-8bcb-577b79d9b163" mediaType="application/json"><con:settings><con:setting id="com.eviware.soapui.impl.wsdl.WsdlRequest@request-headers">&lt;xml-fragment/></con:setting></con:settings><con:endpoint>http://151.80.70.42:3000</con:endpoint><con:request/><con:originalUri>http://151.80.70.42/api/users/</con:originalUri><con:credentials><con:authType>No Authorization</con:authType></con:credentials><con:jmsConfig JMSDeliveryMode="PERSISTENT"/><con:jmsPropertyConfig/><con:parameters/><con:parameterOrder><con:entry>USERID</con:entry></con:parameterOrder></con:request></con:method></con:resource></con:resource></con:interface><con:testSuite id="f3b3689e-73b6-4c71-9f2f-ae20479140e4" name="TestSuite"><con:description>TestSuite generated for REST Service [http://151.80.70.42:3000]</con:description><con:settings/><con:runType>SEQUENTIAL</con:runType><con:testCase id="000f47ed-3950-449f-a184-ee8510908fbb" failOnError="true" failTestCaseOnErrors="true" keepSession="false" maxResults="0" name="TestCase" searchProperties="true"><con:description>TestCase generated for REST Resource [] located at [/api]</con:description><con:settings/><con:testStep type="properties" name="TestDataProperties" id="a1f081e7-0cdf-486f-a94c-bf03c48192d2"><con:settings/><con:config xsi:type="con:PropertiesStep" saveFirst="true" xmlns:xsi="http://www.w3.org/2001/XMLSchema-instance"><con:properties><con:property><con:name>USERID</con:name><con:value>7</con:value></con:property><con:property><con:name>USERNAME</con:name><con:value>f2b895b7-8edd-40db-99b3-20fddef580b3</con:value></con:property><con:property><con:name>USERPHONE</con:name><con:value>1653559779150</con:value></con:property><con:property><con:name>USERROLE</con:name><con:value>Student</con:value></con:property><con:property><con:name>HARDNAME</con:name><con:value>VO_test_super_name_aza1</con:value></con:property><con:property><con:name>HARDPHONE</con:name><con:value>VO_000000-000000</con:value></con:property></con:properties></con:config></con:testStep><con:testStep type="restrequest" name="CreatUser" id="986bcd5e-7903-4362-86df-39c72ffeea38"><con:settings/><con:config service="http://151.80.70.42:3000" resourcePath="/api/users" methodName="CreatUser" xsi:type="con:RestRequestStep" xmlns:xsi="http://www.w3.org/2001/XMLSchema-instance"><con:restRequest name="CreatUser" id="fdac4f43-beed-4d8a-b23b-769b2ecdd6ef" mediaType="application/json" postQueryString="false"><con:settings><con:setting id="com.eviware.soapui.impl.wsdl.WsdlRequest@request-headers">&lt;xml-fragment/></con:setting></con:settings><con:endpoint>http://151.80.70.42:3000</con:endpoint><con:request>{
    "name": "${=java.util.UUID.randomUUID()}",
    "phone": "${=System.currentTimeMillis()}",
    "role": "Student"
}</con:request><con:originalUri>http://151.80.70.42/api/users</con:originalUri><con:assertion type="Valid HTTP Status Codes" id="3c6461db-4f95-42db-9403-a4d79672b550" name="Valid HTTP Status Codes"><con:configuration><codes>200</codes></con:configuration></con:assertion><con:assertion type="JsonPath Match" id="be104732-48fd-4650-8923-27adf75dd477" name="JsonPath Match"><con:configuration><path>role</path><content>Student</content><allowWildcards>false</allowWildcards><ignoreNamspaceDifferences>false</ignoreNamspaceDifferences><ignoreComments>false</ignoreComments></con:configuration></con:assertion><con:credentials><con:authType>No Authorization</con:authType></con:credentials><con:jmsConfig JMSDeliveryMode="PERSISTENT"/><con:jmsPropertyConfig/><con:parameters/><con:parameterOrder><con:entry>USERID</con:entry></con:parameterOrder></con:restRequest></con:config></con:testStep><con:testStep type="transfer" name="DataPropertyTransfer" id="ac4e282b-5007-4703-88a0-7e4e3f46c8f7"><con:settings/><con:config xsi:type="con:PropertyTransfersStep" xmlns:xsi="http://www.w3.org/2001/XMLSchema-instance"><con:transfers setNullOnMissingSource="true" transferTextContent="true" failOnError="true" ignoreEmpty="false" transferToAll="false" entitize="false" transferChildNodes="false"><con:name>ID</con:name><con:sourceType>Response</con:sourceType><con:sourceStep>CreatUser</con:sourceStep><con:sourcePath>id</con:sourcePath><con:targetType>USERID</con:targetType><con:targetStep>TestDataProperties</con:targetStep><con:type>JSONPATH</con:type><con:targetTransferType>JSONPATH</con:targetTransferType><con:upgraded>true</con:upgraded></con:transfers><con:transfers setNullOnMissingSource="true" transferTextContent="true" failOnError="true" ignoreEmpty="false" transferToAll="false" entitize="false" transferChildNodes="false"><con:name>NAME</con:name><con:sourceType>Response</con:sourceType><con:sourceStep>CreatUser</con:sourceStep><con:sourcePath>name</con:sourcePath><con:targetType>USERNAME</con:targetType><con:targetStep>TestDataProperties</con:targetStep><con:type>JSONPATH</con:type><con:targetTransferType>JSONPATH</con:targetTransferType><con:upgraded>true</con:upgraded></con:transfers><con:transfers setNullOnMissingSource="true" transferTextContent="true" failOnError="true" ignoreEmpty="false" transferToAll="false" entitize="false" transferChildNodes="false"><con:name>PHONE</con:name><con:sourceType>Response</con:sourceType><con:sourceStep>CreatUser</con:sourceStep><con:sourcePath>phone</con:sourcePath><con:targetType>USERPHONE</con:targetType><con:targetStep>TestDataProperties</con:targetStep><con:type>JSONPATH</con:type><con:targetTransferType>JSONPATH</con:targetTransferType><con:upgraded>true</con:upgraded></con:transfers><con:transfers setNullOnMissingSource="true" transferTextContent="true" failOnError="true" ignoreEmpty="false" transferToAll="false" entitize="false" transferChildNodes="false"><con:name>ROLE</con:name><con:sourceType>Response</con:sourceType><con:sourceStep>CreatUser</con:sourceStep><con:sourcePath>role</con:sourcePath><con:targetType>USERROLE</con:targetType><con:targetStep>TestDataProperties</con:targetStep><con:type>JSONPATH</con:type><con:targetTransferType>JSONPATH</con:targetTransferType><con:upgraded>true</con:upgraded></con:transfers></con:config></con:testStep><con:testStep type="restrequest" name="GetUsers" id="abc34dfe-fc42-4a29-8fb0-92f17dc94450"><con:settings/><con:config service="http://151.80.70.42:3000" resourcePath="/api/users" methodName="GetUsers" xsi:type="con:RestRequestStep" xmlns:xsi="http://www.w3.org/2001/XMLSchema-instance"><con:restRequest name="GetUsers" id="db9a466b-7bd9-485b-ab52-ace5eba1bba1" mediaType="application/json"><con:settings><con:setting id="com.eviware.soapui.impl.wsdl.WsdlRequest@request-headers">&lt;xml-fragment/></con:setting></con:settings><con:endpoint>http://151.80.70.42:3000</con:endpoint><con:request/><con:originalUri>http://151.80.70.42/api/users</con:originalUri><con:assertion type="Valid HTTP Status Codes" id="b89843de-d879-41c7-8c39-2ddfffc52207" name="Valid HTTP Status Codes"><con:configuration><codes>200</codes></con:configuration></con:assertion><con:assertion type="GroovyScriptAssertion" id="6761dff9-b411-4f7a-a1b5-7609914f11e9" name="Script Assertion"><con:configuration><scriptText>response = messageExchange.getResponseContent()
responseJson = new groovy.json.JsonSlurper().parseText(response)

id = context.getTestCase().getTestStepByName("TestDataProperties").getPropertyValue("USERID") as Integer
name = context.getTestCase().getTestStepByName("TestDataProperties").getPropertyValue("USERNAME")
phone = context.getTestCase().getTestStepByName("TestDataProperties").getPropertyValue("USERPHONE")
role = context.getTestCase().getTestStepByName("TestDataProperties").getPropertyValue("USERROLE")

isCreated = false


for (i = 0; i &lt; responseJson.size(); i = i + 1)
{
	if (responseJson[i].id == id &amp;&amp; responseJson[i].name == name &amp;&amp; responseJson[i].phone == phone )
	{isCreated = true }
}

log.info  isCreated

assert isCreated == true</scriptText></con:configuration></con:assertion><con:credentials><con:authType>No Authorization</con:authType></con:credentials><con:jmsConfig JMSDeliveryMode="PERSISTENT"/><con:jmsPropertyConfig/><con:parameters/><con:parameterOrder><con:entry>USERID</con:entry></con:parameterOrder></con:restRequest></con:config></con:testStep><con:testStep type="restrequest" name="EditUserNamePhone" id="31f40aff-ba09-4586-a2ed-fc42a7a23411"><con:settings/><con:config service="http://151.80.70.42:3000" resourcePath="/api/users" methodName="EditUserNamePhone" xsi:type="con:RestRequestStep" xmlns:xsi="http://www.w3.org/2001/XMLSchema-instance"><con:restRequest name="EditUserNamePhone" id="517d8d00-c308-4ba2-b844-289e8b93baa1" mediaType="application/json" postQueryString="false"><con:settings><con:setting id="com.eviware.soapui.impl.wsdl.WsdlRequest@request-headers">&lt;xml-fragment/></con:setting></con:settings><con:endpoint>http://151.80.70.42:3000</con:endpoint><con:request>{
	"id": ${TestDataProperties#USERID},
    "name": "${TestDataProperties#HARDNAME}",
    "phone": "${TestDataProperties#HARDPHONE}",
    "role": "Student"
}
</con:request><con:originalUri>http://151.80.70.42/api/users/</con:originalUri><con:assertion type="Valid HTTP Status Codes" id="082ea98d-b403-44fa-ae06-52c4a6b5d80a" name="Valid HTTP Status Codes"><con:configuration><codes>204</codes></con:configuration></con:assertion><con:credentials><con:authType>No Authorization</con:authType></con:credentials><con:jmsConfig JMSDeliveryMode="PERSISTENT"/><con:jmsPropertyConfig/><con:parameters/><con:parameterOrder><con:entry>USERID</con:entry></con:parameterOrder></con:restRequest></con:config></con:testStep><con:testStep type="restrequest" name="GetUsersAfterEdit" id="eb6e7506-5a41-42c3-ac31-26961df927d7"><con:settings/><con:config service="http://151.80.70.42:3000" resourcePath="/api/users" methodName="GetUsersAfterEdit" xsi:type="con:RestRequestStep" xmlns:xsi="http://www.w3.org/2001/XMLSchema-instance"><con:restRequest name="GetUsersAfterEdit" id="bdeaef9c-0089-42df-8bcb-577b79d9b163" mediaType="application/json"><con:settings><con:setting id="com.eviware.soapui.impl.wsdl.WsdlRequest@request-headers">&lt;xml-fragment/></con:setting></con:settings><con:endpoint>http://151.80.70.42:3000</con:endpoint><con:request/><con:originalUri>http://151.80.70.42/api/users/</con:originalUri><con:assertion type="Valid HTTP Status Codes" id="87d97ae5-e5d1-4f37-ae96-5cabe945b0e5" name="Valid HTTP Status Codes"><con:configuration><codes>200</codes></con:configuration></con:assertion><con:assertion type="GroovyScriptAssertion" id="ad40f2f0-5b16-45b6-9f8f-b9f45e982092" name="Script Assertion"><con:configuration><scriptText>response = messageExchange.getResponseContent()
responseJson = new groovy.json.JsonSlurper().parseText(response)

id = context.getTestCase().getTestStepByName("TestDataProperties").getPropertyValue("USERID") as Integer
hardname = context.getTestCase().getTestStepByName("TestDataProperties").getPropertyValue("HARDNAME")
hardphone = context.getTestCase().getTestStepByName("TestDataProperties").getPropertyValue("HARDPHONE")
role = context.getTestCase().getTestStepByName("TestDataProperties").getPropertyValue("USERROLE")

isEdited = false

//log.info  isEdited
//log.info  hardname
//log.info hardphone
//log.info  id
//log.info responseJson[15].id
//log.info responseJson[15].name



for (i = 0; i &lt; responseJson.size(); i = i + 1)
{
	if (responseJson[i].id == id &amp;&amp; responseJson[i].name == hardname &amp;&amp; responseJson[i].phone == hardphone )
	{isEdited = true }
}

log.info  isEdited

assert isEdited == true</scriptText></con:configuration></con:assertion><con:credentials><con:authType>No Authorization</con:authType></con:credentials><con:jmsConfig JMSDeliveryMode="PERSISTENT"/><con:jmsPropertyConfig/><con:parameters/><con:parameterOrder><con:entry>USERID</con:entry></con:parameterOrder></con:restRequest></con:config></con:testStep><con:testStep type="restrequest" name="DeleteUser" id="13b6f351-388f-4876-a817-1a5311f62beb"><con:settings/><con:config service="http://151.80.70.42:3000" resourcePath="/api/users" methodName="DeleteUser" xsi:type="con:RestRequestStep" xmlns:xsi="http://www.w3.org/2001/XMLSchema-instance"><con:restRequest name="DeleteUser" id="1b19919e-fe99-40fa-9eb3-00de0522189a" mediaType="application/json" postQueryString="false" multiValueDelimiter=""><con:settings><con:setting id="com.eviware.soapui.impl.wsdl.WsdlRequest@request-headers">&lt;xml-fragment/></con:setting><con:setting id="com.eviware.soapui.settings.CommonSettings@entitizeProperties">false</con:setting><con:setting id="com.eviware.soapui.impl.wsdl.WsdlRequest@remove_empty_content">false</con:setting></con:settings><con:encoding/><con:endpoint>http://151.80.70.42:3000</con:endpoint><con:request/><con:originalUri>http://151.80.70.42/api/users/</con:originalUri><con:assertion type="Valid HTTP Status Codes" id="15b3856a-fa01-4a08-9e77-8d59b6c5eae7" name="Valid HTTP Status Codes"><con:configuration><codes>204</codes></con:configuration></con:assertion><con:credentials><con:authType>No Authorization</con:authType></con:credentials><con:jmsConfig JMSDeliveryMode="PERSISTENT"/><con:jmsPropertyConfig/><con:parameters/><con:parameterOrder><con:entry>USERID</con:entry></con:parameterOrder></con:restRequest></con:config></con:testStep><con:testStep type="restrequest" name="GetUsersAfterDelete" id="d9352df7-fa36-4235-8201-1661eb6f55f7"><con:settings/><con:config service="http://151.80.70.42:3000" resourcePath="/api/users" methodName="GetUsersAfterDelete" xsi:type="con:RestRequestStep" xmlns:xsi="http://www.w3.org/2001/XMLSchema-instance"><con:restRequest name="GetUsersAfterDelete" id="cc62b95d-3365-471c-98de-0d67aab92003" mediaType="application/json"><con:settings><con:setting id="com.eviware.soapui.impl.wsdl.WsdlRequest@request-headers">&lt;xml-fragment/></con:setting></con:settings><con:endpoint>http://151.80.70.42:3000</con:endpoint><con:request/><con:originalUri>http://151.80.70.42/api/users/</con:originalUri><con:assertion type="Valid HTTP Status Codes" id="b29e80d9-003a-4292-bdb6-bdf461427c50" name="Valid HTTP Status Codes"><con:configuration><codes>200</codes></con:configuration></con:assertion><con:assertion type="GroovyScriptAssertion" id="6a6d936a-46ed-440d-a2a1-3d1d9c73f03a" name="Script Assertion"><con:configuration><scriptText><![CDATA[response = messageExchange.getResponseContent()
responseJson = new groovy.json.JsonSlurper().parseText(response)

id = context.getTestCase().getTestStepByName("TestDataProperties").getPropertyValue("USERID") as Integer
name = context.getTestCase().getTestStepByName("TestDataProperties").getPropertyValue("USERNAME")
phone = context.getTestCase().getTestStepByName("TestDataProperties").getPropertyValue("USERPHONE")
role = context.getTestCase().getTestStepByName("TestDataProperties").getPropertyValue("USERROLE")
hardname = context.getTestCase().getTestStepByName("TestDataProperties").getPropertyValue("HARDNAME")
hardphone = context.getTestCase().getTestStepByName("TestDataProperties").getPropertyValue("HARDPHONE")

isDeleted = true

for (i = 0; i < responseJson.size(); i = i + 1)
{
	if (responseJson[i].id == id && responseJson[i].name == name && responseJson[i].phone == phone )
	{isDeleted = false }
}

log.info isDeleted

isDeleted2 = true

for (i = 0; i < responseJson.size(); i = i + 1)
{
	if (responseJson[i].id == id && responseJson[i].name == hardname && responseJson[i].phone == hardphone )
	{isDeleted2 = false }
}

assert isDeleted == true
assert isDeleted2 == true
]]></scriptText></con:configuration></con:assertion><con:credentials><con:authType>No Authorization</con:authType></con:credentials><con:jmsConfig JMSDeliveryMode="PERSISTENT"/><con:jmsPropertyConfig/><con:parameters/><con:parameterOrder><con:entry>USERID</con:entry></con:parameterOrder></con:restRequest></con:config></con:testStep><con:properties/></con:testCase><con:properties/></con:testSuite><con:properties/><con:wssContainer/><con:oAuth2ProfileContainer/><con:oAuth1ProfileContainer/><con:sensitiveInformation/></con:soapui-project>